Ibrahim Dickson,(884) 442-3463
Cason Lester,(633) 807-4696
Nathaniel Pope,(436) 481-0109
Rodney Douglas,(987) 532-6828
Annalise Bennett,(876) 199-1702
Fiona Cannon,(314) 337-5646
Sharon Oconnell,(893) 710-3990
Kaila Black,(464) 985-5243
Susan Baldwin,(929) 829-1821
Jovanny Henry,(743) 748-3450
Calvin Hudson,(115) 683-9932
Reese Floyd,(133) 186-1902
Carolina Day,(192) 858-3118
Monique Wu,(554) 413-5589
Luciana Gilbert,(592) 393-5237
Heidy Bradley,(797) 356-3598
Brayden Conner,(273) 773-7610
Ethan Wilcox,(873) 129-0952
Maryjane Holland,(631) 305-6407
Frederick Bartlett,(365) 196-1764
Renee Cunningham,(225) 426-8738
Roy Moyer,(216) 979-6691
Ashley Mercado,(712) 583-3476
Paige Acosta,(278) 245-1648
Zaid Lynn,(265) 103-4445
Kylie Gentry,(362) 965-2776
Jamya Maddox,(537) 894-8767
Cooper Blanchard,(613) 928-3422
Bentley May,(871) 626-8381
Enrique Liu,(509) 851-7479
Gunnar Trujillo,(318) 366-7793
Ronin Guerrero,(379) 536-5606
Yasmine Nelson,(145) 537-7617
Jaida Bond,(965) 529-5776
Zaria George,(975) 837-1768
Jadon Bowers,(477) 217-3373
Savannah Calhoun,(142) 718-9911
Dangelo Padilla,(891) 553-5803
Elise Frank,(799) 592-7114
Baron Berger,(419) 839-3840
Jaelyn Conrad,(659) 219-8012
Shiloh Pacheco,(352) 685-5016
Tyrese Chandler,(373) 742-6543
Adison Schwartz,(749) 512-4353
Jaslene Duncan,(204) 643-5863
Damian Petty,(850) 160-9929
Kaylyn Hammond,(316) 441-1227
Bryanna Jackson,(484) 250-9256
Dillan Waller,(758) 609-2259
Trevor Gutierrez,(467) 378-0310
Ben Crane,(936) 262-6339
Marisol Stanley,(728) 807-7438
Alan Bass,(624) 129-0398
Alonso Logan,(143) 261-8393
Ireland Luna,(898) 534-7761
Mariyah Boyd,(921) 992-5794
Orlando Case,(576) 655-9370
Ignacio Wilkins,(477) 397-3442
Ross Stark,(947) 540-2109
Ariella Morton,(995) 290-1249
Phoebe Farrell,(766) 847-8649
Salma Rush,(778) 149-4976
Amelie Leon,(828) 535-3804
Veronica Ramsey,(836) 564-3143
Krista Dyer,(319) 614-7208
Caitlin Carroll,(631) 664-6596
Kaylen West,(394) 855-4343
Alvaro Boone,(554) 654-5041
Jayda Abbott,(364) 369-6679
Gabrielle Roberson,(330) 723-3250
Cecelia Coleman,(346) 258-2227
Ryann Swanson,(747) 310-8285
Erica Greene,(431) 462-8193
Triston Rodgers,(564) 924-5282
Annika Valentine,(300) 644-1574
Jon Farmer,(517) 616-5446
Franco Delacruz,(667) 380-9412
Leroy Wall,(425) 836-9149
Rachael Clayton,(792) 486-6045
Halle Davenport,(249) 520-0017
Lisa Skinner,(647) 979-2562
Kinley Kemp,(980) 735-1761
Raina Matthews,(312) 453-9536
Cayden Walls,(517) 510-9181
Reid Strickland,(409) 938-2350
Chana Mitchell,(494) 639-1062
Taylor Kaiser,(787) 876-9407
Madeline Walsh,(713) 910-8479
Jacqueline Stephenson,(324) 878-9348
Anastasia Phelps,(135) 647-4015
Alice Clements,(192) 528-3036
Gabriel Hickman,(279) 335-4185
Emelia Sutton,(280) 937-6482
Salvatore Bishop,(247) 443-1924
Blaze Simpson,(375) 253-0957
Trey Bush,(113) 462-3546
Branson Palmer,(736) 574-5784
Erin Simon,(524) 681-2333
Bryant Olsen,(197) 986-4640
Ryan Cole,(258) 502-4888
Lena Robbins,(767) 991-2885
Sariah Schmidt,(223) 643-1681
Zavier Ruiz,(767) 750-0690
Hana Dominguez,(446) 332-7139
Kian Duffy,(983) 666-4936
Francisco Dougherty,(770) 726-6329
Nyla Moore,(722) 190-3501
Deegan Hoffman,(691) 295-3990
Kyleigh Madden,(929) 864-2059
Kenya Knox,(761) 426-8636
Richard Espinoza,(353) 230-9119
Leila Watts,(592) 529-3964
Kianna French,(763) 551-3672
Moses Caldwell,(655) 911-3705
Zayden Adams,(577) 211-4438
Haylie Dickerson,(278) 375-6730
Esperanza Mooney,(379) 680-7969
Semaj Stevenson,(447) 241-6705
Walker Cervantes,(545) 775-2853
Regan Rivers,(990) 256-0594
Jonathon Arnold,(743) 828-3214
Taniya Harrell,(346) 608-1484
Nasir Olson,(481) 463-8229
Darwin Baxter,(249) 548-7854
Lamar Pace,(450) 167-0126
Alia Booth,(378) 396-2023
Adriana Oconnor,(412) 269-4305
Sawyer Goodman,(234) 989-7524
Damarion Velasquez,(496) 308-3641
Kane Gould,(860) 166-9179
Maximus Cameron,(124) 378-4388
Reina Dawson,(718) 130-6068
Ellen Cohen,(783) 994-6736
Felix Parker,(735) 574-8670
Brendon Gill,(109) 661-2736
Maxwell Barton,(844) 595-3162
Kimora Austin,(229) 366-5957
Jax Pittman,(364) 891-7770
Makenna Edwards,(685) 991-7554
Braelyn Rowland,(424) 891-7944
Mikaela Frost,(892) 124-7367
Adeline Barrett,(727) 411-3306
Alyson Powell,(437) 387-1054
Ricardo Mcintyre,(791) 164-4485
Sydney Holder,(293) 106-4045
Destinee Solis,(145) 431-5406
Drake Gray,(877) 560-7874
Tanya Allen,(447) 466-0913
Santos Mora,(107) 781-4746
Harper Scott,(535) 281-5822
Cassie Hinton,(596) 356-4301
Jasper Ayala,(417) 848-8530
Laurel Huff,(959) 535-2579
Roland Ponce,(819) 620-0028
Elliana Newton,(568) 828-9400
Maddison Sanford,(943) 619-3729
Trace Werner,(238) 795-1824
Lily Neal,(643) 426-8045
Faith Graves,(482) 647-3403
Fernando Cobb,(443) 173-3062
Hector Medina,(556) 167-5363
Simon Grimes,(862) 476-5852
Ray Mcknight,(264) 484-3075
Dennis Mullins,(620) 283-9184
Coby Strong,(525) 938-3092
Lyric Warner,(448) 116-1616
Barbara Zimmerman,(597) 717-6387
Gaige Hayden,(267) 896-6169
Emilie Navarro,(300) 465-2159
Sadie Vaughan,(551) 583-7539
Kash Cochran,(873) 122-9265
Ethen Griffith,(430) 322-6551
Trinity Murillo,(655) 310-5130
Annabella Delgado,(579) 725-5847
London Good,(389) 972-3512
Maurice Mckay,(443) 164-2431
Jessie Burgess,(693) 337-8193
Evan Carney,(475) 988-2565
Aidyn Miles,(113) 222-0121
Yasmin Avila,(396) 250-5659
Miguel Maldonado,(926) 284-6359
Aileen Carter,(277) 992-4481
Roger Hahn,(389) 915-5405
Will Ortega,(680) 552-3483
Rishi Haley,(695) 795-8040
Marlee Hartman,(905) 529-4561
Yesenia Cooley,(422) 471-2389
Amani Castro,(403) 553-1319
Antonio Zhang,(808) 973-2389
Alanna Huerta,(190) 766-4317
Simeon Dorsey,(508) 184-1876
Dania Thornton,(919) 675-7647
Shaniya Mckee,(570) 565-2525
Dillon Barber,(162) 501-6195
Steven Fox,(278) 192-7868
Valentin Watkins,(893) 588-5558
Donte Pugh,(585) 529-0975
Sammy Shaffer,(718) 712-3853
Kathy Peters,(310) 440-6321
Cali Mays,(992) 155-6063
Gary Irwin,(542) 407-1339
Nayeli Jacobs,(565) 107-5774
Sam Faulkner,(312) 296-7615
Israel Johnston,(286) 382-5164
Darius Zuniga,(423) 256-0891
Eugene Poole,(298) 246-3319
Amelia Copeland,(142) 944-8397
Paulina Odonnell,(916) 968-2070
Aliana Hernandez,(302) 760-5968
Lane Suarez,(286) 208-7882
Karson Garrison,(120) 475-8015
Laila Esparza,(404) 254-7658
June Fritz,(293) 138-3277
Saige Perez,(183) 973-6380
Bradley Brown,(588) 191-1864
Mayra Arellano,(312) 182-8661
Rebecca Lindsey,(603) 414-2002
Haiden Chan,(654) 847-3015
Jeffery Yang,(941) 338-0064
Tessa Hubbard,(609) 460-9046
Julian Vega,(764) 371-9166
Mohamed Goodwin,(263) 983-2474
Zion Cain,(448) 559-3619
Magdalena Gregory,(431) 554-5170
Oliver Walker,(833) 114-6708
Juliana Bright,(530) 516-0073
Brock Murphy,(418) 777-0108
Cameron Ferguson,(531) 676-7412
Rachel Russo,(924) 211-1197
Jerry Mathews,(278) 621-0208
Camren Roy,(999) 672-7371
Ciara Hamilton,(343) 862-0796
Darian Fields,(257) 464-3349
Skyler Hampton,(640) 820-3682
Pierre Wood,(849) 345-9840
Antoine Cook,(167) 798-2453
James Garza,(964) 664-6414
Jaime Barnes,(382) 555-3554
Eden Brady,(484) 137-0461
Asia Montgomery,(625) 641-2486
Karly Harrison,(594) 843-2696
Damari Mclean,(116) 924-6174
Nylah Estrada,(777) 270-3876
Tatum Potts,(376) 173-2667
Kyan Harding,(236) 601-1273
Rayne Bolton,(818) 586-3762
Hamza Sweeney,(207) 938-0841
Siena Brock,(328) 439-4742
Grace Howard,(788) 163-9496
Sierra Spears,(718) 454-0049
Dylan Blake,(965) 549-8873
Lila Short,(221) 129-5168
Brenden Rose,(799) 633-8125
Ellie Mann,(317) 551-4773
Aryana Bonilla,(290) 419-3740
Killian Mcconnell,(614) 809-6017
Genesis Munoz,(320) 692-8554
Marie Mcbride,(833) 575-1243
Kamila Greer,(659) 358-5722
Jairo Adkins,(590) 575-4986
Raven Johns,(117) 166-8424
Emmett Hooper,(990) 215-2880
Maya Beck,(681) 946-1372
Mariela Holden,(154) 714-3340
Pranav Stein,(705) 198-7647
Denisse Bautista,(902) 868-9545
Finnegan Gallagher,(788) 263-6284
Memphis Chavez,(858) 946-5957
Jayleen Silva,(584) 788-8897
Scott Townsend,(440) 372-9042
Krystal Hughes,(289) 972-6839
Amira Rice,(562) 704-1190
Cheyanne Bradford,(612) 295-5665
Daniella Meadows,(995) 303-0429
Jesus Richmond,(919) 262-1093
Krish Barron,(475) 428-5797
John Hurley,(713) 990-2197
Ali Mcclure,(927) 656-7854
Mauricio Ward,(305) 383-5167
Ava Hart,(573) 470-4454
Chase Villanueva,(520) 805-1710
Caylee Ingram,(247) 160-8067
Rey Waters,(380) 843-0317
Wyatt Contreras,(303) 963-9359
Eliezer Gay,(276) 802-0061
Julianne Galvan,(230) 100-8745
Kaydence Long,(719) 155-6896
Celeste Wolfe,(951) 325-3514
Jeffrey Maxwell,(803) 525-6972
Alonzo Lopez,(543) 197-8960
Adalyn Carrillo,(433) 494-8886
Ryan Mcmahon,(396) 251-9791
Bridger Hawkins,(215) 210-1905
Malik Baker,(351) 239-5276
Shayla Callahan,(854) 187-7221
Toby Tanner,(631) 938-6414
Marisa Brooks,(185) 265-9523
Rolando Blair,(389) 491-9407
Aaliyah Martinez,(496) 892-4137
Marlon Gallegos,(196) 363-1528
Kamren Horn,(378) 339-2042
Callie Deleon,(989) 833-1859
Noel Finley,(187) 295-6467
Quinton Franklin,(227) 882-1132
Landon Arias,(181) 845-9966
Nikolai Stokes,(445) 294-5851
Meredith Fuentes,(512) 808-4387
Jace Nicholson,(493) 514-5229
Jaden Spence,(977) 690-5508
Aliya Burke,(895) 620-6009
Daniela Mccann,(611) 800-1264
Nora Reilly,(323) 617-2242
Lorena Fry,(697) 488-8672
Raelynn Chung,(208) 873-7679
Regina Charles,(642) 807-4689
Cara Allison,(609) 104-4924
Isiah Schmitt,(984) 292-5634
Jazmyn Proctor,(705) 508-1634
Janet Glenn,(650) 136-4070
Shaylee Hebert,(532) 318-0007
Luna Fitzpatrick,(780) 692-7411
Alana York,(244) 353-0757
Makena Eaton,(737) 810-8451
Izabella Hendricks,(384) 310-1762
Bruce Jefferson,(910) 807-4526
Alexzander Dixon,(254) 658-2412
Zachery Juarez,(387) 737-6045
Armani Santiago,(181) 502-0646
Presley Shah,(288) 484-2203
Aniya Benjamin,(246) 831-7295
Madison Rowe,(459) 640-0696
Ricky Mccarty,(993) 422-3317
Nyasia Sharp,(712) 601-3341
Amina Tapia,(506) 799-2975
Brianna Mueller,(966) 562-3984
Karter Valencia,(129) 166-4237
Boston Villa,(421) 419-3990
Gracie Meyer,(347) 831-5225
Cadence Bean,(536) 422-4663
Genevieve Yoder,(897) 289-4938
Jose Heath,(214) 739-4734
Courtney Garrett,(151) 119-1554
Camilla Robles,(258) 955-4238
Baylee Obrien,(534) 908-4357
Mitchell Rollins,(864) 756-8777
Camryn Erickson,(937) 789-7911
Claire Osborne,(287) 531-9377
Stephanie Kirk,(645) 558-9031
Thalia Morgan,(617) 448-4109
Zoie Kent,(133) 735-5947
Gina Melendez,(101) 317-2693
Eden Hicks,(380) 163-5155
Braydon Mosley,(168) 656-9327
Isabel Vaughn,(864) 753-9221
Rhys Braun,(846) 616-8576
Brett Pitts,(258) 848-1939
Riya Bray,(922) 606-3386
Orion Harrington,(239) 866-3138
Lindsay Berry,(497) 447-5867
Noe Mcguire,(144) 271-2748
Nathan Levine,(640) 558-9672
Nigel Salinas,(122) 309-1269
Davis Romero,(581) 317-3556
Nola Pearson,(464) 763-2830
Trevin Novak,(810) 487-8569
Kaylin Holloway,(159) 622-0153
Greyson Friedman,(987) 479-7287
Braylon Rasmussen,(310) 214-5596
Lola Vasquez,(257) 206-8954
Ada Woodard,(619) 966-0298
Azul Hopkins,(195) 768-1729
Kiera Ochoa,(206) 897-5216
Giana Kaufman,(573) 139-6392
Kaitlin Torres,(725) 105-7057
King Roth,(969) 539-9636
Kailee Horton,(326) 737-3092
Eva Fischer,(685) 677-6377
Marco Spencer,(831) 115-8126
Gauge Henderson,(154) 115-1877
Kamari Jordan,(929) 559-8996
Ahmad Curry,(623) 387-2350
Jonas Wiley,(225) 277-9929
Zackery Alvarado,(718) 965-7754
Kelly Pennington,(874) 956-7206
Mya Sexton,(682) 273-4454
Avery Graham,(308) 660-3919
Lennon Welch,(263) 975-1549
Skyla Phillips,(271) 621-9635
Terrance Aguilar,(251) 868-3250
Eliza Carlson,(103) 312-3612
Leon Soto,(482) 705-7771
Gregory Barnett,(758) 371-7629
Mathias Lucas,(195) 176-0316
Jensen Kim,(696) 474-0207
Julio Davis,(805) 652-3230
Georgia Pena,(265) 478-1132
Dallas Butler,(313) 460-6144
Kamron Escobar,(574) 776-4204
Kamryn Moon,(102) 198-0530
Yamilet Gardner,(947) 695-3664
Eduardo Rhodes,(963) 289-1304
Shamar Serrano,(363) 463-2683
Bria Malone,(398) 539-7011
Cora Chapman,(444) 866-2192
Livia Clarke,(718) 430-3683
Darryl Montes,(741) 244-0375
Isaiah Castillo,(784) 883-7485
Dorian Atkins,(606) 392-3173
Anabel Tucker,(549) 482-8944
Reynaldo Bradshaw,(838) 387-0652
Elsie Carpenter,(978) 207-2788
Trenton Rosario,(555) 507-7935
Brady Harris,(987) 468-5835
Kylan Ashley,(316) 865-8039
Nancy Duke,(752) 424-8094
Kasen Chen,(842) 730-8885
Moshe Moody,(815) 492-0562
Phillip Webster,(526) 446-8968
Leah Miranda,(755) 595-6893
Denise Hogan,(810) 471-2020
Cortez Arroyo,(568) 738-8369
Kolten Whitehead,(458) 138-7227
Teresa Hester,(266) 195-7443
Tori Vang,(387) 517-3421
Kristopher White,(565) 651-6682
Lincoln Key,(957) 796-7433
Patience Mckenzie,(288) 731-4232
Jakobe Cordova,(249) 211-1837
Phoenix Davidson,(786) 624-1062
Adrianna Lewis,(999) 123-2019
Jaylyn Hendrix,(408) 268-5946
Corinne Hess,(473) 550-0616
Jaylon Ewing,(258) 878-3179
Bobby Whitney,(596) 617-8108
Eleanor Hancock,(239) 876-1541
Natalee Ballard,(574) 916-1959
Trent Leach,(421) 910-8603
Yurem Thompson,(870) 857-4590
Aiyana Orr,(943) 532-5656
Omar Pratt,(824) 171-3235
Braeden Davies,(563) 110-1463
Van Woodward,(630) 845-9068
Rylan Schultz,(810) 414-7970
Micaela Byrd,(135) 367-2786
Mollie Crawford,(205) 176-3218
Mason Coffey,(547) 420-5370
Maia Wallace,(125) 995-2113
Kinsley Warren,(254) 569-9992
Miles English,(874) 606-1720
Abram Fernandez,(857) 572-7315
Cedric Hardy,(688) 575-3985
Nikolas Barr,(104) 404-9033
Michelle Weeks,(530) 290-6969
Dylan Lozano,(603) 145-7958
Edward Clay,(821) 346-6370
Lia Cabrera,(397) 434-9618
Rebekah Williams,(546) 519-0417
Yazmin Hayes,(687) 329-4705
Nicolas Bates,(460) 805-5599
Kevin Park,(359) 425-6676
Harrison Summers,(967) 119-4273
Kaley Roach,(972) 957-0846
Esther Bryan,(859) 311-4501
Luca Macias,(984) 741-6983
Viviana Shannon,(519) 643-4184
Kaia Hutchinson,(271) 165-3148
Javier Andrews,(797) 944-7476
Payten Weber,(549) 751-2315
Braxton Ramos,(553) 255-3420
Alison Cantu,(104) 839-7216
Aldo Myers,(130) 572-1563
Antwan Rocha,(781) 579-4886
Hunter Wolf,(382) 686-8739
Markus Schroeder,(479) 679-2819
Braden Evans,(353) 263-3467
Jacoby Buckley,(190) 106-0570
Kaliyah Hines,(295) 579-6233
Abel Mckinney,(875) 819-2635
Logan Elliott,(913) 556-8996
Hayley Jensen,(109) 362-3392
Nathanial Blackburn,(383) 214-5380
Clay Ayers,(874) 188-5796
Ally Donaldson,(644) 995-4879
Summer Klein,(816) 954-5887
Jeramiah Flores,(623) 343-2630
David Cline,(564) 679-4664
Karla Carson,(565) 198-3482
Malakai Russell,(112) 827-5679
Zechariah Mejia,(988) 143-1410
Derick Diaz,(566) 316-7293
Devan Brandt,(547) 741-3596
Cristian Steele,(233) 148-5106
Alicia Francis,(314) 736-7576
Yair Cuevas,(437) 844-3425
Sarai Chaney,(810) 563-8394
Briley Walter,(415) 457-6626
Joe Doyle,(363) 126-9650
Jaydin Joyce,(399) 650-8129
Messiah Larson,(335) 849-6593
Samuel Mathis,(458) 257-4919
Fabian Miller,(112) 491-3024
Sincere Lloyd,(496) 148-6863
Logan Leonard,(942) 458-7791
Kiersten Wise,(591) 492-9891
Jaylah Jones,(472) 585-2876
Andres Lawrence,(460) 216-0564
Jaylene Nguyen,(124) 365-9188
Adan Lyons,(731) 101-3948
Jordon Tyler,(754) 770-6296
Lorelei Rosales,(134) 751-7112
Desiree Mills,(913) 761-0617
Davon Morrison,(637) 895-0533
Heather Bruce,(851) 186-9128
Ellis Barajas,(131) 840-8288
Kaitlynn Brewer,(154) 513-7852
Jovani Randolph,(939) 123-1392
Benjamin Peck,(977) 159-0388
Hezekiah Middleton,(274) 772-6127
Julien Sosa,(769) 565-2950
Laylah Calderon,(702) 519-6790
Johanna Mayer,(826) 959-6929
Carson Snow,(491) 533-1454
Rory Ford,(700) 617-8008
Mylee Pineda,(891) 354-1714
Maxim Sampson,(230) 964-0429
Peyton Blackwell,(139) 533-6269
Kassandra Stanton,(604) 202-2300
Lydia Mccall,(735) 584-4071
Jonah Brennan,(487) 789-3906
Kade Hanson,(532) 762-0655
Jaylynn Robertson,(958) 702-9353
Ayden Wyatt,(959) 798-5114
Lilia Savage,(505) 974-5023
Luke Norton,(477) 837-3468
Junior Blankenship,(197) 662-0871
Jaiden Best,(132) 671-9069
Cristina Beltran,(217) 633-9291
Ronald Hatfield,(466) 776-6867
Solomon Thomas,(916) 108-9208
Averi Farley,(884) 474-9907
Kaiden Hays,(611) 151-7527
Heaven Downs,(462) 717-5513
Holden House,(454) 340-8744
Alberto Estes,(860) 965-3670
Dahlia Stafford,(758) 886-3841
Carolyn Walters,(782) 955-3594
Miley Chambers,(307) 253-6984
Payton Moreno,(169) 592-2159
August Kirby,(303) 437-7130
Samson Lang,(301) 422-3339
Saniya Fuller,(678) 187-0662
Johnathan Foster,(717) 985-4686
Aleena Hood,(959) 863-6532
Dawson Combs,(290) 697-8630
Rashad Cruz,(253) 972-3128
Brenda Hull,(423) 658-4337
Keith Humphrey,(613) 721-8513
Sheldon Pierce,(475) 445-1616
Cordell Stone,(728) 323-4722
Carleigh Noble,(532) 710-6018
Dixie Rivera,(447) 600-3986
Cullen Costa,(574) 432-7002
Aria Odom,(485) 255-8191
Macey Guzman,(605) 844-4718
Shea Sims,(699) 432-6660
Antony Lynch,(152) 448-7551
Parker Huang,(545) 297-6232
Lindsey Solomon,(514) 125-0618
Luka Knapp,(875) 607-6667
Prince Ibarra,(758) 945-5448
Giselle Mcgrath,(597) 830-5459
Angel Roberts,(610) 861-4376
Zayne Grant,(650) 271-4567
Bianca Flowers,(954) 799-9556
Sterling Norman,(306) 574-6777
Mekhi Wilkinson,(841) 229-5285
Karlee Lara,(396) 128-0998
Humberto Salazar,(832) 995-9814
Audrina Bowman,(551) 271-3107
Taylor Sellers,(193) 577-3280
Ashton Reid,(794) 589-5167
Jean Conway,(623) 584-3243
Joy Mcmillan,(330) 470-3353
Damaris Porter,(905) 421-1237
Piper Yu,(233) 306-0866
Christine Sparks,(520) 122-3079
Jaydon Mcdonald,(634) 768-0827
Travis Nolan,(329) 628-4880
Armando Dennis,(952) 323-4893
Brynlee Richards,(471) 417-1512
Rory Lowe,(763) 611-0503
Alaina Levy,(686) 383-9350
Tamia Dunlap,(860) 303-4735
Hailie Sandoval,(728) 219-7225
Noah Holmes,(296) 693-6884
Jase Kramer,(548) 810-9631
Dana Hobbs,(530) 599-5471
Giada Beard,(846) 637-4938
Miriam Mcneil,(952) 139-3782
Jay Armstrong,(119) 667-4742
Jayce Underwood,(601) 803-2047
Ariana Owens,(827) 550-1502
Valentino Nichols,(262) 889-9873
Gerald Mayo,(739) 705-7640
Cole Sherman,(502) 819-3278
Joslyn Griffin,(419) 335-5818
Amir Burnett,(522) 350-2620
Camron Herrera,(602) 815-5660
Myla Forbes,(546) 288-0701
Brian Washington,(924) 857-3940
Keshawn Hurst,(193) 360-9049
Josephine Singh,(604) 575-8345
Kamari Giles,(390) 866-6219
Hanna Shepherd,(885) 139-8054
Jasiah Payne,(269) 117-6248
Jett Guerra,(845) 468-6127
Katie Ali,(390) 692-8197
Maribel Chase,(796) 686-8680
Valerie Shelton,(328) 688-3936
Franklin Franco,(467) 396-7466
Aaron Gates,(543) 581-4945
Davian Hodges,(641) 971-8615
Bailee Sanders,(273) 573-4692
Ryleigh Chang,(789) 148-8106
Adelyn Jarvis,(781) 740-8236
Patrick Foley,(313) 169-0053
Bailey Conley,(232) 380-5622
Adrienne Fletcher,(814) 645-2970
Heidi Ware,(992) 808-2811
Reagan Knight,(688) 619-2471
Jair Andersen,(259) 627-0491
Zackary Wheeler,(875) 262-9214
Deacon Wells,(926) 742-2858
Carsen Hanna,(323) 222-2568
Meadow Terrell,(397) 890-8705
Jamir Michael,(516) 176-2795
Frankie Oneill,(585) 459-5777
Jennifer Woods,(538) 954-5511
Alisa Willis,(135) 166-4657
Leo Valenzuela,(943) 873-7438
Phoenix Sullivan,(446) 823-5417
Clarissa Keith,(296) 362-1946
Cynthia Snyder,(243) 900-3957
Jesse Benitez,(201) 868-5213
Margaret Jacobson,(909) 158-8119
Nikhil Nixon,(697) 798-1300
Eric Houston,(228) 803-4105
Jan Barker,(376) 378-0706
Anthony Freeman,(782) 538-5783
Diamond Becker,(100) 968-1254
Gavin Prince,(695) 503-2426
Quintin Ross,(504) 314-7104
Ashlyn Mcfarland,(893) 824-3405
Elaine Khan,(948) 747-6307
Britney Ellison,(729) 742-8062
Angelique Colon,(742) 910-9892
Evie Davila,(922) 334-2798
Romeo Bell,(229) 999-8476
Atticus Villarreal,(168) 172-1155
Alessandra Richardson,(859) 363-2578
Layla Villegas,(268) 975-2070
Adolfo Rich,(239) 557-0765
Sandra Whitaker,(354) 608-8492
Marcos Carey,(858) 918-4691
Aliza Morse,(945) 278-2331
Alina Rodriguez,(471) 279-3205
Lucas Williamson,(542) 183-9211
Lara Benson,(654) 682-8660
Liana Newman,(492) 254-7361
Kate Small,(469) 384-1622
Cailyn Cox,(621) 227-6687
Essence Santos,(312) 351-8164
Kristin Wagner,(831) 817-5009
Clark Monroe,(501) 862-7552
Landin Golden,(117) 346-9071
Arjun King,(369) 919-9350
Leonard Kerr,(360) 620-0492
Adam Bryant,(802) 769-8643
Makenzie Santana,(533) 414-5821
Arielle Larsen,(133) 923-8749
Areli Herman,(404) 204-4201
Theodore Meza,(303) 772-3091
Silas Mcpherson,(181) 612-0716
Johan Norris,(491) 571-3360
Maggie Gross,(555) 958-1966
Ean Velazquez,(719) 692-6557
Amiya Mcintosh,(237) 266-5617
Alani Bullock,(923) 944-0382
Roselyn Nielsen,(726) 495-3410
Rene Rivas,(398) 739-2783
Brenna Aguirre,(829) 161-4132
Kaylie Dunn,(809) 142-3580
Duncan Quinn,(948) 795-6033
Jameson Parks,(138) 439-4230
Pierce Moss,(787) 630-6425
Abdullah Lutz,(607) 714-7498
Kyson Watson,(125) 917-7500
Alexandria Decker,(574) 606-3464
Kiana Haney,(122) 787-5845
Linda Choi,(754) 628-9033
Nash Berg,(135) 843-2740
Mina Garcia,(749) 127-0056
Jordin Gibson,(113) 228-8444
Kenneth Campos,(284) 672-5915
Alexandra Bird,(814) 267-0544
Tristan Vance,(823) 397-0462
Alfred Owen,(997) 698-9916
Skylar Riley,(326) 921-1314
Shaun Haynes,(558) 265-5430
Judah Rojas,(273) 222-0649
Draven Molina,(475) 832-6221
Asa Johnson,(215) 392-9776
Kingston Walton,(287) 746-2336
Kaden Crosby,(352) 647-5685
Hope Everett,(999) 158-3414
Daniel Zamora,(661) 514-1366
Deandre Patton,(326) 833-0057
Amara Stewart,(352) 323-1706
Juliette Mccullough,(806) 709-7087
Fernanda Salas,(923) 587-1688
Andy Shepard,(144) 814-2358
Niko Ho,(362) 411-8084
Natalia Bender,(921) 664-1771
Ismael Durham,(943) 694-6360
Kasey Ortiz,(397) 989-4907
Dustin Wang,(697) 567-8728
Jasmin Ferrell,(141) 668-6974
Jazmin Raymond,(688) 445-1699
Shane Singleton,(463) 369-7855
Drew Cantrell,(724) 408-2069
Louis Howe,(185) 294-0877
Lee Todd,(267) 994-6329
Giovani Blevins,(496) 441-0504
Aarav Harvey,(166) 458-0085
Brynn Acevedo,(445) 930-4366
Jaxson Koch,(212) 154-8990
Adrian Hensley,(817) 104-1465
Guadalupe Young,(190) 428-5577
Davion Mendoza,(732) 974-1666
Tamara James,(922) 637-6720
Clarence Bentley,(654) 967-7278
Korbin Garner,(627) 821-5237
Lizbeth Gilmore,(769) 145-6345
Jeremiah Burns,(545) 611-6371
Darion Rubio,(783) 828-9848
Jordyn Reyes,(701) 333-3070
Chanel Patrick,(296) 541-9612
Luciano Hunter,(904) 768-2280
Jack Banks,(691) 275-9536
Chris Gordon,(595) 204-3276
Luis Tate,(261) 566-8314
Colton Barrera,(991) 857-6944
Yosef Camacho,(278) 484-1009
Skyler Wong,(490) 619-3375
Madalyn Hunt,(817) 443-3950
Everett Tran,(992) 259-1271
Chaya Flynn,(711) 966-3996
Neil Landry,(586) 500-4433
Kayden Vazquez,(448) 797-2389
Geovanni Oliver,(364) 700-1038
Teagan Shields,(977) 512-2001
Kolby Kline,(294) 526-3352
Janessa Jimenez,(990) 261-4120
Kara Meyers,(812) 963-1280
Sergio Macdonald,(573) 170-4307
Yaritza Hale,(282) 113-1814
Joaquin Stuart,(180) 265-4055
Iris Dillon,(365) 879-0776
Alex Vargas,(499) 481-7052
Layton Stevens,(367) 335-7903
Tess Ellis,(786) 959-5627
Donald Gonzales,(886) 569-2272
Lucille Love,(485) 632-6593
Eileen Duarte,(292) 200-1959
Aracely Dodson,(282) 508-7971
Skye Gillespie,(170) 330-6553
Evelin Andrade,(379) 441-6894
Jerome Casey,(463) 668-7153
Cohen Martin,(892) 485-9002
Desmond Travis,(722) 997-1591
Aubrey Patterson,(525) 435-0404
Ximena Saunders,(852) 330-6154
Brooke Stephens,(341) 876-0972
Anton Bailey,(514) 322-1723
Madelynn Burch,(723) 599-0663
Rhett Herring,(972) 245-0890
Yadiel Ryan,(125) 904-5165
Tripp Mclaughlin,(724) 118-8846
Hayden Hill,(933) 136-3430
Helena Frazier,(139) 522-6816
Aylin Hardin,(422) 820-3875
Jared Cummings,(124) 139-0586
Hillary Perkins,(923) 454-2583
Tania Cisneros,(998) 861-2664
Edith Holt,(157) 852-7287
Zoey Ritter,(761) 356-6392
Libby Boyer,(568) 334-4992
Emmanuel Preston,(837) 227-3529
Eve Riddle,(432) 414-4456
Jaqueline Dean,(697) 777-7084
Santiago Lane,(553) 174-9000
Kamora Craig,(373) 479-4193
Hannah Dudley,(250) 630-2280
Zander Lucero,(797) 547-6185
Victor Hodge,(900) 399-5030
Clayton Mason,(383) 555-1928
Emanuel Fitzgerald,(888) 307-3446
Sarahi Livingston,(302) 542-1597
Ivan Glover,(842) 674-2181
Mike Hansen,(782) 373-8689
Sara Orozco,(977) 966-4696
Janae Gonzalez,(994) 241-8574
Gerardo Huynh,(972) 991-3936
Ainsley Rogers,(330) 138-7684
Kierra Mcdaniel,(884) 234-5019
Gustavo Winters,(930) 636-6147
Christina Sloan,(651) 606-9927
Peyton Cowan,(715) 575-4930
Ryker Potter,(434) 733-0984
Mathew Roman,(389) 993-5787
Jeremy Krueger,(443) 538-3855
Karli Melton,(582) 132-7959
Russell Schneider,(250) 632-2584
Stella Ray,(788) 637-6787
Caitlyn Leblanc,(817) 148-7751
Aydan Burton,(347) 314-8333
Nevaeh Marquez,(996) 512-6576
Matthew Donovan,(625) 243-5275
Bronson Shea,(701) 515-2853
Steve Price,(911) 371-6977
Harley Manning,(693) 330-8346
Vanessa Page,(792) 361-6058
Gavyn Lambert,(302) 801-4749
Giuliana Cortez,(165) 137-2213
Alyvia Ball,(213) 948-5157
Dane Montoya,(946) 503-4101
Alyssa Rangel,(279) 511-4902
Jordan Marks,(422) 323-3667
Zachary Mccoy,(508) 787-8402
Erik Frey,(791) 981-5210
Spencer Beasley,(536) 430-2330
Juan Daniels,(254) 909-2584
Tiara Nash,(492) 831-3523
Adrien Harper,(787) 352-3956
Kyle Webb,(539) 667-1831
Kelsie Fleming,(478) 301-4520
Rubi Petersen,(101) 153-1446
Glenn Wade,(425) 851-1869
Yoselin Branch,(680) 689-3246
Ruben Christensen,(319) 950-8695
Adyson Wilkerson,(721) 367-9372
Leyla Sawyer,(828) 873-2095
Elisa Kelly,(206) 500-4538
Madden Morrow,(498) 993-3584
Nicole Fisher,(745) 235-0150
Demarcus Little,(858) 169-9297
Meghan Huber,(751) 920-0473
Elijah Dalton,(234) 538-1006
Rylee Bridges,(277) 136-7562
Dale Alvarez,(786) 137-5376
Elvis Parrish,(768) 149-2863
Evelyn Moran,(715) 886-6202
Sanaa Hall,(332) 263-2704
Emiliano Booker,(889) 733-0317
Shyanne Galloway,(431) 629-2145
Jovany Mack,(117) 186-5993
Macy Le,(739) 498-6047
Anne Wright,(988) 662-9244
Sage Riggs,(194) 279-6429
Brenton Archer,(318) 769-2391
Maddox Richard,(944) 177-9319
Mikayla Mendez,(670) 321-5953
Griffin Cross,(406) 867-2644
Alfonso Robinson,(748) 736-9216
Mohammed Cherry,(726) 810-3136
Ezra Massey,(761) 282-6919
Yandel Haas,(615) 398-3420
Kale Yates,(495) 127-8206
Adalynn Zavala,(756) 122-4863
Muhammad Benton,(943) 865-3444
Ruby Wilson,(694) 625-9615
Gaven Clark,(539) 289-3298
Sherlyn Glass,(657) 352-7093
Anabella Bowen,(907) 913-5923
Leonel Harmon,(195) 387-0965
River Browning,(844) 922-0320
Londyn Lowery,(401) 630-2957
Kole Lam,(411) 492-6683
Ramon Velez,(897) 132-6461
Marilyn Morris,(739) 781-3915
Darren Curtis,(933) 523-1080
Estrella Sheppard,(301) 544-1851
Karley Church,(176) 535-1205
Harold Green,(848) 292-4067
Jamie Turner,(861) 835-8011
Lauren Daniel,(594) 994-3695
Eliana Avery,(488) 556-3755
Kameron Sanchez,(132) 752-7777
Yael Lawson,(620) 764-1126
Molly Collins,(606) 368-1251
Melody Keller,(200) 658-9171
Nicholas Mata,(310) 894-2211
Jane Cooke,(473) 466-1916
Emilee Lamb,(212) 550-2184
Efrain Figueroa,(300) 212-0123
Lilian Gomez,(513) 249-0077
Francis Jenkins,(663) 160-5490
Josiah Henson,(234) 678-0696
Zack Moses,(195) 194-7048
Ashtyn Bauer,(477) 525-5308
Jacquelyn Li,(901) 562-6757
Amya Alexander,(185) 616-3491
Winston Cardenas,(343) 684-4151
Jackson Campbell,(817) 123-0440
Jaidyn Huffman,(544) 676-6997
Pamela Joseph,(610) 776-4996
Carlie Kidd,(884) 965-7755
Jimena Boyle,(988) 487-3695
Blake Christian,(315) 451-4911
Madilyn Powers,(660) 518-7111
Elaina Mcdowell,(450) 542-3040
Keyon Reeves,(947) 655-4778
Landyn Anthony,(401) 922-8894
Noelle Carr,(636) 986-1908
Shirley Vincent,(201) 583-3907
Aiden Castaneda,(216) 539-9357
Terrence Fowler,(984) 449-4169
Abbigail Paul,(962) 795-3743
Moriah Osborn,(604) 542-5736
Anderson Jennings,(209) 842-5594
Dalia Mullen,(365) 335-1978
Malaki Lin,(505) 492-3809
Mario Buck,(284) 197-2939
Emilio Murray,(230) 219-2087
Max Duran,(876) 382-8386
Helen Reese,(221) 858-1863
Braylen Drake,(427) 126-0677
Ramiro Maynard,(923) 417-6471
Kayden Pollard,(311) 701-0791
Nathalie Shaw,(360) 226-3781
Sylvia Peterson,(599) 971-8431
Nolan Pruitt,(758) 560-8174
Abbey Reynolds,(941) 351-4983
Marcel Reed,(891) 750-3115
Jake Stout,(293) 152-8177
Alejandro Daugherty,(427) 114-9298
Cael Wiggins,(598) 776-8142
Violet Trevino,(647) 974-9421
Khloe Merritt,(252) 743-8399
Melanie Mcclain,(893) 834-8330
Rodrigo Marshall,(310) 512-3956
Rowan Morales,(997) 729-8218
Kadence Kane,(197) 780-8975
Jaiden Mccarthy,(578) 513-5850
Michaela Buchanan,(824) 454-4664
Keegan Weaver,(227) 543-3222
Deshawn Taylor,(906) 414-1876
Serena Randall,(937) 975-4657
Mariah Mccormick,(456) 149-4817
Kaylah Higgins,(398) 805-7549
Adelaide Simmons,(682) 923-6796
Nathalia Lee,(424) 897-4922
Amaya Parsons,(849) 380-7916
Diana Rios,(294) 389-9487
Raegan Collier,(824) 275-6795
Zariah Gibbs,(331) 279-1686
Carmelo Weiss,(670) 806-7008
Kody Oneal,(146) 112-1130
Kathleen Frederick,(303) 343-8558
Colby Gaines,(181) 134-6691
Marin David,(797) 909-0793
Abraham Atkinson,(373) 751-2207
Axel Horne,(924) 790-1564
Cameron Perry,(323) 860-1762
Rihanna Mercer,(377) 462-6755
Whitney Valdez,(630) 922-6221
Allan Baird,(874) 924-4271
Jessica Ramirez,(522) 711-6919
Alexia Schaefer,(209) 850-6189
Amiah Pham,(412) 245-2260
Paola Barry,(238) 537-9337
Micah Krause,(220) 578-3825
Chelsea Terry,(446) 644-7373
Vivian Briggs,(605) 352-2149
Johnathon Mahoney,(344) 337-6929
Azaria Howell,(296) 270-0498
Chandler Kennedy,(887) 333-8492
Gianni Anderson,(549) 597-2467
Talan Frye,(178) 385-0249
Demetrius Marsh,(939) 245-2665
Jayvon Bernard,(128) 816-2280
Porter Smith,(558) 133-7810
Quincy Hoover,(554) 374-2033
Arturo Mcgee,(434) 464-6646
Victoria Nunez,(542) 604-0093
Jamiya Cooper,(601) 585-6434
Cash Compton,(715) 616-7362
Jaslyn Kelley,(740) 371-4912
Larry Patel,(324) 800-4098
Carina Gamble,(806) 452-0911